回答,送信完了：,コース,グループ,ID,フルネーム,管理者用ユーザ,Q00_経験調査,"Q00_Q2_if_(200,200)","Q00_Q2_if_(180,200)","Q00_Q2_if_(200,170)","Q00_Q2_if_(220,200)","Q00_Q2_if_(190,210)",Q00_age,Q00_sex,Q00_area,Q00_familyhouse,Q00_consensus
2730361,"2024/04/19 16:57:17",産業組織論　０１,,,匿名1,,"3 : １年以上前","2 : たけのこの里を買う","1 : きのこの山を買う","2 : たけのこの里を買う","2 : たけのこの里を買う","1 : きのこの山を買う",25,"1 : 男性","3 : 関東地方",1,1
2742697,"2024/04/23 13:17:19",産業組織論　０１,,,匿名2,,"3 : １年以上前","1 : きのこの山を買う","1 : きのこの山を買う","2 : たけのこの里を買う","2 : たけのこの里を買う","1 : きのこの山を買う",27,"1 : 男性","9 : 海外",0,1
2728507,"2024/04/19 12:42:50",産業組織論　０１,,,匿名3,,"1 : 過去半年以内","2 : たけのこの里を買う","2 : たけのこの里を買う","1 : きのこの山を買う","2 : たけのこの里を買う","2 : たけのこの里を買う",23,"1 : 男性","3 : 関東地方",1,1
2740778,"2024/04/22 23:11:25",産業組織論　０１,,,匿名4,,"2 : 過去半年から１年以内","1 : きのこの山を買う","1 : きのこの山を買う","1 : きのこの山を買う","2 : たけのこの里を買う","1 : きのこの山を買う",23,"1 : 男性","4 : 中部地方",0,1
2730716,"2024/04/19 18:01:15",産業組織論　０１,,,匿名5,,"3 : １年以上前","2 : たけのこの里を買う","2 : たけのこの里を買う","2 : たけのこの里を買う","2 : たけのこの里を買う","2 : たけのこの里を買う",22,"1 : 男性","3 : 関東地方",1,1
2729720,"2024/04/19 15:18:28",産業組織論　０１,,,匿名6,,"3 : １年以上前","1 : きのこの山を買う","1 : きのこの山を買う","1 : きのこの山を買う","3 : どちらも買わない","1 : きのこの山を買う",22,"2 : 女性","3 : 関東地方",1,1
2737681,"2024/04/22 13:49:38",産業組織論　０１,,,匿名7,,"2 : 過去半年から１年以内","1 : きのこの山を買う","1 : きのこの山を買う","2 : たけのこの里を買う","2 : たけのこの里を買う","1 : きのこの山を買う",21,"2 : 女性","3 : 関東地方",1,1
2746890,"2024/04/24 11:03:04",産業組織論　０１,,,匿名8,,"3 : １年以上前","1 : きのこの山を買う","1 : きのこの山を買う","2 : たけのこの里を買う","2 : たけのこの里を買う","1 : きのこの山を買う",21,"1 : 男性","3 : 関東地方",1,1
2742177,"2024/04/23 11:29:07",産業組織論　０１,,,匿名9,,"2 : 過去半年から１年以内","3 : どちらも買わない","3 : どちらも買わない","2 : たけのこの里を買う","3 : どちらも買わない","3 : どちらも買わない",21,"1 : 男性","2 : 東北地方",0,1
2741573,"2024/04/23 10:19:55",産業組織論　０１,,,匿名10,,"1 : 過去半年以内","2 : たけのこの里を買う","1 : きのこの山を買う","2 : たけのこの里を買う","2 : たけのこの里を買う","2 : たけのこの里を買う",22,"1 : 男性","3 : 関東地方",1,1
2747052,"2024/04/24 11:54:37",産業組織論　０１,,,匿名11,,"1 : 過去半年以内","2 : たけのこの里を買う","2 : たけのこの里を買う","2 : たけのこの里を買う","2 : たけのこの里を買う","2 : たけのこの里を買う",21,"2 : 女性","3 : 関東地方",1,1
2744297,"2024/04/23 17:29:12",産業組織論　０１,,,匿名12,,"1 : 過去半年以内","1 : きのこの山を買う","1 : きのこの山を買う","1 : きのこの山を買う","1 : きのこの山を買う","1 : きのこの山を買う",21,"1 : 男性","3 : 関東地方",1,1
2735551,"2024/04/21 21:41:27",産業組織論　０１,,,匿名13,,"3 : １年以上前","3 : どちらも買わない","3 : どちらも買わない","3 : どちらも買わない","3 : どちらも買わない","3 : どちらも買わない",21,"1 : 男性","3 : 関東地方",1,1
2733961,"2024/04/21 09:14:39",産業組織論　０１,,,匿名14,,"1 : 過去半年以内","2 : たけのこの里を買う","1 : きのこの山を買う","2 : たけのこの里を買う","2 : たけのこの里を買う","1 : きのこの山を買う",21,"1 : 男性","3 : 関東地方",1,1
2728487,"2024/04/19 12:36:51",産業組織論　０１,,,匿名15,,"3 : １年以上前","2 : たけのこの里を買う","2 : たけのこの里を買う","2 : たけのこの里を買う","2 : たけのこの里を買う","2 : たけのこの里を買う",21,"1 : 男性","3 : 関東地方",1,1
2728469,"2024/04/19 12:31:05",産業組織論　０１,,,匿名16,,"3 : １年以上前","3 : どちらも買わない","3 : どちらも買わない","3 : どちらも買わない","3 : どちらも買わない","3 : どちらも買わない",21,"1 : 男性","8 : 九州地方(沖縄含む)",0,1
2729803,"2024/04/19 15:28:07",産業組織論　０１,,,匿名17,,"3 : １年以上前","1 : きのこの山を買う","1 : きのこの山を買う","2 : たけのこの里を買う","2 : たけのこの里を買う","1 : きのこの山を買う",21,"1 : 男性","2 : 東北地方",1,1
2748858,"2024/04/24 16:43:31",産業組織論　０１,,,匿名18,,"2 : 過去半年から１年以内","1 : きのこの山を買う","1 : きのこの山を買う","2 : たけのこの里を買う","2 : たけのこの里を買う","1 : きのこの山を買う",22,"1 : 男性","8 : 九州地方(沖縄含む)",0,1
2733310,"2024/04/20 20:42:19",産業組織論　０１,,,匿名19,,"2 : 過去半年から１年以内","2 : たけのこの里を買う","1 : きのこの山を買う","2 : たけのこの里を買う","2 : たけのこの里を買う","1 : きのこの山を買う",21,"1 : 男性","3 : 関東地方",0,1
2728575,"2024/04/19 12:56:53",産業組織論　０１,,,匿名20,,"1 : 過去半年以内","2 : たけのこの里を買う","2 : たけのこの里を買う","2 : たけのこの里を買う","2 : たけのこの里を買う","2 : たけのこの里を買う",21,"1 : 男性","3 : 関東地方",1,1
2728634,"2024/04/19 13:09:43",産業組織論　０１,,,匿名21,,"1 : 過去半年以内","2 : たけのこの里を買う","2 : たけのこの里を買う","2 : たけのこの里を買う","2 : たけのこの里を買う","2 : たけのこの里を買う",21,"2 : 女性","3 : 関東地方",1,1
2732783,"2024/04/20 15:33:11",産業組織論　０１,,,匿名22,,"2 : 過去半年から１年以内","2 : たけのこの里を買う","2 : たけのこの里を買う","2 : たけのこの里を買う","2 : たけのこの里を買う","1 : きのこの山を買う",21,"1 : 男性","7 : 四国地方",0,1
2728655,"2024/04/19 13:12:39",産業組織論　０１,,,匿名23,,"3 : １年以上前","3 : どちらも買わない","3 : どちらも買わない","2 : たけのこの里を買う","3 : どちらも買わない","3 : どちらも買わない",21,"1 : 男性","3 : 関東地方",1,1
2730539,"2024/04/19 17:14:57",産業組織論　０１,,,匿名24,,"2 : 過去半年から１年以内","2 : たけのこの里を買う","2 : たけのこの里を買う","2 : たけのこの里を買う","2 : たけのこの里を買う","2 : たけのこの里を買う",20,"1 : 男性","3 : 関東地方",1,1
2730600,"2024/04/19 17:30:13",産業組織論　０１,,,匿名25,,"1 : 過去半年以内","1 : きのこの山を買う","1 : きのこの山を買う","2 : たけのこの里を買う","2 : たけのこの里を買う","1 : きのこの山を買う",21,"2 : 女性","3 : 関東地方",1,1
2749131,"2024/04/24 17:28:06",産業組織論　０１,,,匿名26,,"1 : 過去半年以内","2 : たけのこの里を買う","1 : きのこの山を買う","2 : たけのこの里を買う","2 : たけのこの里を買う","1 : きのこの山を買う",21,"2 : 女性","6 : 中国地方",0,1
2728479,"2024/04/19 12:33:52",産業組織論　０１,,,匿名27,,"1 : 過去半年以内","2 : たけのこの里を買う","2 : たけのこの里を買う","2 : たけのこの里を買う","2 : たけのこの里を買う","2 : たけのこの里を買う",21,"1 : 男性","3 : 関東地方",1,1
2742713,"2024/04/23 13:21:05",産業組織論　０１,,,匿名28,,"3 : １年以上前","1 : きのこの山を買う","1 : きのこの山を買う","2 : たけのこの里を買う","2 : たけのこの里を買う","1 : きのこの山を買う",21,"1 : 男性","3 : 関東地方",1,1
2728628,"2024/04/19 13:08:25",産業組織論　０１,,,匿名29,,"3 : １年以上前","3 : どちらも買わない","3 : どちらも買わない","2 : たけのこの里を買う","3 : どちらも買わない","3 : どちらも買わない",21,"1 : 男性","3 : 関東地方",1,1
2743947,"2024/04/23 16:30:33",産業組織論　０１,,,匿名30,,"2 : 過去半年から１年以内","2 : たけのこの里を買う","2 : たけのこの里を買う","2 : たけのこの里を買う","2 : たけのこの里を買う","2 : たけのこの里を買う",20,"2 : 女性","3 : 関東地方",1,1
2730020,"2024/04/19 16:11:00",産業組織論　０１,,,匿名31,,"4 : 食べたことがない","1 : きのこの山を買う","1 : きのこの山を買う","2 : たけのこの里を買う","2 : たけのこの里を買う","1 : きのこの山を買う",21,"1 : 男性","9 : 海外",0,1
2740188,"2024/04/22 20:20:42",産業組織論　０１,,,匿名32,,"3 : １年以上前","3 : どちらも買わない","1 : きのこの山を買う","3 : どちらも買わない","3 : どちらも買わない","1 : きのこの山を買う",21,"1 : 男性","5 : 近畿地方",0,1
2742317,"2024/04/23 12:07:55",産業組織論　０１,,,匿名33,,"1 : 過去半年以内","3 : どちらも買わない","3 : どちらも買わない","2 : たけのこの里を買う","3 : どちらも買わない","3 : どちらも買わない",20,"2 : 女性","3 : 関東地方",1,1
2742615,"2024/04/23 12:57:03",産業組織論　０１,,,匿名34,,"1 : 過去半年以内","1 : きのこの山を買う","1 : きのこの山を買う","1 : きのこの山を買う","1 : きのこの山を買う","1 : きのこの山を買う",20,"2 : 女性","3 : 関東地方",0,1
2740922,"2024/04/22 23:45:03",産業組織論　０１,,,匿名35,,"3 : １年以上前","3 : どちらも買わない","3 : どちらも買わない","3 : どちらも買わない","3 : どちらも買わない","3 : どちらも買わない",20,"1 : 男性","3 : 関東地方",1,1
2732157,"2024/04/20 10:52:44",産業組織論　０１,,,匿名36,,"1 : 過去半年以内","3 : どちらも買わない","3 : どちらも買わない","3 : どちらも買わない","3 : どちらも買わない","3 : どちらも買わない",,,,,1
2735320,"2024/04/21 20:16:27",産業組織論　０１,,,匿名37,,"1 : 過去半年以内","2 : たけのこの里を買う","2 : たけのこの里を買う","2 : たけのこの里を買う","2 : たけのこの里を買う","2 : たけのこの里を買う",20,"1 : 男性","3 : 関東地方",1,1
2728696,"2024/04/19 13:20:22",産業組織論　０１,,,匿名38,,"1 : 過去半年以内","1 : きのこの山を買う","1 : きのこの山を買う","2 : たけのこの里を買う","3 : どちらも買わない","1 : きのこの山を買う",20,"2 : 女性","3 : 関東地方",1,1
2728480,"2024/04/19 12:34:16",産業組織論　０１,,,匿名39,,"1 : 過去半年以内","1 : きのこの山を買う","2 : たけのこの里を買う","1 : きのこの山を買う","2 : たけのこの里を買う","2 : たけのこの里を買う",20,"1 : 男性","3 : 関東地方",1,1
2753382,"2024/04/25 17:02:59",産業組織論　０１,,,匿名40,,"1 : 過去半年以内","2 : たけのこの里を買う","2 : たけのこの里を買う","2 : たけのこの里を買う","2 : たけのこの里を買う","2 : たけのこの里を買う",20,"2 : 女性","3 : 関東地方",0,1
2745250,"2024/04/23 21:53:08",産業組織論　０１,,,匿名41,,"1 : 過去半年以内","1 : きのこの山を買う","1 : きのこの山を買う","2 : たけのこの里を買う","3 : どちらも買わない","1 : きのこの山を買う",20,"1 : 男性","3 : 関東地方",1,1
2728929,"2024/04/19 13:58:14",産業組織論　０１,,,匿名42,,"1 : 過去半年以内","1 : きのこの山を買う","1 : きのこの山を買う","2 : たけのこの里を買う","3 : どちらも買わない","1 : きのこの山を買う",20,"2 : 女性","3 : 関東地方",1,1
2728912,"2024/04/19 13:54:22",産業組織論　０１,,,匿名43,,"1 : 過去半年以内","2 : たけのこの里を買う","1 : きのこの山を買う","2 : たけのこの里を買う","2 : たけのこの里を買う","1 : きのこの山を買う",20,"1 : 男性","3 : 関東地方",1,1
2750147,"2024/04/24 22:53:43",産業組織論　０１,,,匿名44,,"2 : 過去半年から１年以内","2 : たけのこの里を買う","2 : たけのこの里を買う","2 : たけのこの里を買う","2 : たけのこの里を買う","2 : たけのこの里を買う",20,"1 : 男性","2 : 東北地方",1,1
2728823,"2024/04/19 13:39:20",産業組織論　０１,,,匿名45,,"1 : 過去半年以内","2 : たけのこの里を買う","2 : たけのこの里を買う","2 : たけのこの里を買う","2 : たけのこの里を買う","2 : たけのこの里を買う",20,"1 : 男性","8 : 九州地方(沖縄含む)",0,1
2728491,"2024/04/19 12:38:42",産業組織論　０１,,,匿名46,,"1 : 過去半年以内","2 : たけのこの里を買う","2 : たけのこの里を買う","2 : たけのこの里を買う","2 : たけのこの里を買う","3 : どちらも買わない",21,"1 : 男性","3 : 関東地方",1,1
2728627,"2024/04/19 13:07:50",産業組織論　０１,,,匿名47,,"2 : 過去半年から１年以内","1 : きのこの山を買う","1 : きのこの山を買う","3 : どちらも買わない","3 : どちらも買わない","1 : きのこの山を買う",20,"1 : 男性","3 : 関東地方",0,1
2736566,"2024/04/22 08:41:18",産業組織論　０１,,,匿名48,,"3 : １年以上前","2 : たけのこの里を買う","2 : たけのこの里を買う","2 : たけのこの里を買う","2 : たけのこの里を買う","2 : たけのこの里を買う",20,"1 : 男性","3 : 関東地方",0,1
2740789,"2024/04/22 23:15:26",産業組織論　０１,,,匿名49,,"1 : 過去半年以内","3 : どちらも買わない","3 : どちらも買わない","2 : たけのこの里を買う","3 : どちらも買わない","3 : どちらも買わない",21,"1 : 男性","3 : 関東地方",0,1
2728546,"2024/04/19 12:49:35",産業組織論　０１,,,匿名50,,"2 : 過去半年から１年以内","3 : どちらも買わない","3 : どちらも買わない","3 : どちらも買わない","3 : どちらも買わない","3 : どちらも買わない",20,"1 : 男性","2 : 東北地方",0,1
2728547,"2024/04/19 12:49:53",産業組織論　０１,,,匿名51,,"2 : 過去半年から１年以内","2 : たけのこの里を買う","2 : たけのこの里を買う","2 : たけのこの里を買う","2 : たけのこの里を買う","3 : どちらも買わない",20,"1 : 男性","3 : 関東地方",1,1
2748142,"2024/04/24 14:59:18",産業組織論　０１,,,匿名52,,"1 : 過去半年以内","2 : たけのこの里を買う","3 : どちらも買わない","2 : たけのこの里を買う","3 : どちらも買わない","3 : どちらも買わない",21,"1 : 男性","5 : 近畿地方",1,1
2728549,"2024/04/19 12:50:42",産業組織論　０１,,,匿名53,,"1 : 過去半年以内","2 : たけのこの里を買う","1 : きのこの山を買う","2 : たけのこの里を買う","2 : たけのこの里を買う","1 : きのこの山を買う",20,"1 : 男性","4 : 中部地方",1,1
2741497,"2024/04/23 09:56:46",産業組織論　０１,,,匿名54,,"2 : 過去半年から１年以内","2 : たけのこの里を買う","2 : たけのこの里を買う","2 : たけのこの里を買う","2 : たけのこの里を買う","2 : たけのこの里を買う",20,"2 : 女性","3 : 関東地方",1,1
2732519,"2024/04/20 13:10:30",産業組織論　０１,,,匿名55,,"1 : 過去半年以内","2 : たけのこの里を買う","1 : きのこの山を買う","2 : たけのこの里を買う","2 : たけのこの里を買う","2 : たけのこの里を買う",20,"1 : 男性","3 : 関東地方",1,1
2728523,"2024/04/19 12:47:09",産業組織論　０１,,,匿名56,,"2 : 過去半年から１年以内","3 : どちらも買わない","3 : どちらも買わない","2 : たけのこの里を買う","3 : どちらも買わない","3 : どちらも買わない",20,"1 : 男性","3 : 関東地方",0,1
2737174,"2024/04/22 12:01:01",産業組織論　０１,,,匿名57,,"3 : １年以上前","1 : きのこの山を買う","1 : きのこの山を買う","2 : たけのこの里を買う","2 : たけのこの里を買う","1 : きのこの山を買う",20,"1 : 男性","3 : 関東地方",1,1
2734692,"2024/04/21 16:09:23",産業組織論　０１,,,匿名58,,"1 : 過去半年以内","1 : きのこの山を買う","1 : きのこの山を買う","2 : たけのこの里を買う","2 : たけのこの里を買う","1 : きのこの山を買う",20,"1 : 男性","6 : 中国地方",0,1
2728470,"2024/04/19 12:31:20",産業組織論　０１,,,匿名59,,"1 : 過去半年以内","2 : たけのこの里を買う","2 : たけのこの里を買う","2 : たけのこの里を買う","2 : たけのこの里を買う","2 : たけのこの里を買う",20,"1 : 男性","3 : 関東地方",1,1
2739463,"2024/04/22 16:53:30",産業組織論　０１,,,匿名60,,"3 : １年以上前","2 : たけのこの里を買う","1 : きのこの山を買う","2 : たけのこの里を買う","2 : たけのこの里を買う","3 : どちらも買わない",20,"2 : 女性","3 : 関東地方",1,1
2729147,"2024/04/19 14:28:16",産業組織論　０１,,,匿名61,,"1 : 過去半年以内","2 : たけのこの里を買う","1 : きのこの山を買う","2 : たけのこの里を買う","2 : たけのこの里を買う","1 : きのこの山を買う",20,"2 : 女性","3 : 関東地方",1,1
2731070,"2024/04/19 19:25:11",産業組織論　０１,,,匿名62,,"4 : 食べたことがない","3 : どちらも買わない","3 : どちらも買わない","3 : どちらも買わない","3 : どちらも買わない","3 : どちらも買わない",21,"1 : 男性","9 : 海外",0,1
2745557,"2024/04/23 22:58:42",産業組織論　０１,,,匿名63,,"1 : 過去半年以内","2 : たけのこの里を買う","2 : たけのこの里を買う","2 : たけのこの里を買う","2 : たけのこの里を買う","2 : たけのこの里を買う",22,"2 : 女性","9 : 海外",0,1
2731124,"2024/04/19 19:43:41",産業組織論　０１,,,匿名64,,"1 : 過去半年以内","2 : たけのこの里を買う","2 : たけのこの里を買う","2 : たけのこの里を買う","2 : たけのこの里を買う","2 : たけのこの里を買う",21,"1 : 男性","3 : 関東地方",1,1
2745454,"2024/04/23 22:39:33",産業組織論　０１,,,匿名65,,"1 : 過去半年以内","2 : たけのこの里を買う","1 : きのこの山を買う","2 : たけのこの里を買う","1 : きのこの山を買う","2 : たけのこの里を買う",22,"1 : 男性","7 : 四国地方",1,0
2733222,"2024/04/20 19:42:31",産業組織論　０１,,,匿名66,,"3 : １年以上前","3 : どちらも買わない","3 : どちらも買わない","3 : どちらも買わない","3 : どちらも買わない","3 : どちらも買わない",20,"1 : 男性","3 : 関東地方",0,1
2750398,"2024/04/24 23:45:11",産業組織論　０１,,,匿名67,,"1 : 過去半年以内","2 : たけのこの里を買う","2 : たけのこの里を買う","2 : たけのこの里を買う","2 : たけのこの里を買う","2 : たけのこの里を買う",20,"2 : 女性","3 : 関東地方",1,1
2733450,"2024/04/20 22:12:02",産業組織論　０１,,,匿名68,,"1 : 過去半年以内","1 : きのこの山を買う","1 : きのこの山を買う","2 : たけのこの里を買う","2 : たけのこの里を買う","1 : きのこの山を買う",20,"2 : 女性","3 : 関東地方",1,1
2728879,"2024/04/19 13:48:29",産業組織論　０１,,,匿名69,,"2 : 過去半年から１年以内","1 : きのこの山を買う","1 : きのこの山を買う","2 : たけのこの里を買う","2 : たけのこの里を買う","1 : きのこの山を買う",20,"1 : 男性","3 : 関東地方",1,1
2742459,"2024/04/23 12:22:48",産業組織論　０１,,,匿名70,,"1 : 過去半年以内","2 : たけのこの里を買う","1 : きのこの山を買う","2 : たけのこの里を買う","2 : たけのこの里を買う","1 : きのこの山を買う",21,"1 : 男性","3 : 関東地方",1,1
2729026,"2024/04/19 14:13:00",産業組織論　０１,,,匿名71,,"1 : 過去半年以内","1 : きのこの山を買う","1 : きのこの山を買う","3 : どちらも買わない","3 : どちらも買わない","1 : きのこの山を買う",20,"1 : 男性","4 : 中部地方",1,1
2733835,"2024/04/21 01:55:27",産業組織論　０１,,,匿名72,,"1 : 過去半年以内","3 : どちらも買わない","1 : きのこの山を買う","2 : たけのこの里を買う","3 : どちらも買わない","3 : どちらも買わない",20,"2 : 女性","9 : 海外",1,1
2731774,"2024/04/20 01:12:43",産業組織論　０１,,,匿名73,,"1 : 過去半年以内","2 : たけのこの里を買う","1 : きのこの山を買う","2 : たけのこの里を買う","2 : たけのこの里を買う","1 : きのこの山を買う",20,"2 : 女性","3 : 関東地方",1,1
2728833,"2024/04/19 13:40:47",産業組織論　０１,,,匿名74,,"1 : 過去半年以内","1 : きのこの山を買う","1 : きのこの山を買う","3 : どちらも買わない","3 : どちらも買わない","1 : きのこの山を買う",21,"1 : 男性","4 : 中部地方",0,1
2736966,"2024/04/22 11:13:04",産業組織論　０１,,,匿名75,,"3 : １年以上前","2 : たけのこの里を買う","2 : たけのこの里を買う","2 : たけのこの里を買う","2 : たけのこの里を買う","2 : たけのこの里を買う",20,"1 : 男性","3 : 関東地方",1,1
2729999,"2024/04/19 16:05:41",産業組織論　０１,,,匿名76,,"1 : 過去半年以内","1 : きのこの山を買う","1 : きのこの山を買う","2 : たけのこの里を買う","2 : たけのこの里を買う","1 : きのこの山を買う",20,"1 : 男性","8 : 九州地方(沖縄含む)",0,1
2730545,"2024/04/19 17:16:06",産業組織論　０１,,,匿名77,,"2 : 過去半年から１年以内","2 : たけのこの里を買う","2 : たけのこの里を買う","2 : たけのこの里を買う","2 : たけのこの里を買う","2 : たけのこの里を買う",20,"1 : 男性","3 : 関東地方",1,1
2733256,"2024/04/20 20:09:38",産業組織論　０１,,,匿名78,,"1 : 過去半年以内","2 : たけのこの里を買う","2 : たけのこの里を買う","2 : たけのこの里を買う","2 : たけのこの里を買う","2 : たけのこの里を買う",21,"2 : 女性","8 : 九州地方(沖縄含む)",0,1
2733280,"2024/04/20 20:22:23",産業組織論　０１,,,匿名79,,"1 : 過去半年以内","3 : どちらも買わない","3 : どちらも買わない","3 : どちらも買わない","3 : どちらも買わない","3 : どちらも買わない",20,"2 : 女性","3 : 関東地方",1,1
2728647,"2024/04/19 13:12:15",産業組織論　０１,,,匿名80,,"3 : １年以上前","1 : きのこの山を買う","1 : きのこの山を買う","1 : きのこの山を買う","1 : きのこの山を買う","1 : きのこの山を買う",20,"1 : 男性","3 : 関東地方",1,1
2737522,"2024/04/22 13:18:17",産業組織論　０１,,,匿名81,,"3 : １年以上前","2 : たけのこの里を買う","1 : きのこの山を買う","2 : たけのこの里を買う","2 : たけのこの里を買う","1 : きのこの山を買う",20,"2 : 女性","2 : 東北地方",0,1
2736613,"2024/04/22 09:27:43",産業組織論　０１,,,匿名82,,"1 : 過去半年以内","1 : きのこの山を買う","2 : たけのこの里を買う","2 : たけのこの里を買う","2 : たけのこの里を買う","1 : きのこの山を買う",20,"2 : 女性","3 : 関東地方",1,1
2736317,"2024/04/22 00:28:34",産業組織論　０１,,,匿名83,,"1 : 過去半年以内","2 : たけのこの里を買う","2 : たけのこの里を買う","2 : たけのこの里を買う","2 : たけのこの里を買う","2 : たけのこの里を買う",20,"2 : 女性","3 : 関東地方",1,1
2728593,"2024/04/19 12:59:33",産業組織論　０１,,,匿名84,,"3 : １年以上前","3 : どちらも買わない","1 : きのこの山を買う","2 : たけのこの里を買う","3 : どちらも買わない","1 : きのこの山を買う",21,"1 : 男性","4 : 中部地方",0,1
2732426,"2024/04/20 12:09:18",産業組織論　０１,,,匿名85,,"1 : 過去半年以内","1 : きのこの山を買う","1 : きのこの山を買う","2 : たけのこの里を買う","2 : たけのこの里を買う","1 : きのこの山を買う",20,"2 : 女性","5 : 近畿地方",0,1
2736919,"2024/04/22 10:55:34",産業組織論　０１,,,匿名86,,"2 : 過去半年から１年以内","1 : きのこの山を買う","1 : きのこの山を買う","2 : たけのこの里を買う","2 : たけのこの里を買う","1 : きのこの山を買う",20,"1 : 男性","3 : 関東地方",1,1
2728485,"2024/04/19 12:36:00",産業組織論　０１,,,匿名87,,"1 : 過去半年以内","2 : たけのこの里を買う","2 : たけのこの里を買う","2 : たけのこの里を買う","2 : たけのこの里を買う","1 : きのこの山を買う",20,"2 : 女性","3 : 関東地方",1,1
2728565,"2024/04/19 12:54:18",産業組織論　０１,,,匿名88,,"1 : 過去半年以内","2 : たけのこの里を買う","2 : たけのこの里を買う","2 : たけのこの里を買う","2 : たけのこの里を買う","2 : たけのこの里を買う",21,"1 : 男性","8 : 九州地方(沖縄含む)",0,1
2731346,"2024/04/19 21:50:40",産業組織論　０１,,,匿名89,,"1 : 過去半年以内","1 : きのこの山を買う","1 : きのこの山を買う","2 : たけのこの里を買う","1 : きのこの山を買う","1 : きのこの山を買う",20,"1 : 男性","3 : 関東地方",1,1
2733160,"2024/04/20 19:04:11",産業組織論　０１,,,匿名90,,"1 : 過去半年以内","1 : きのこの山を買う","1 : きのこの山を買う","3 : どちらも買わない","3 : どちらも買わない","1 : きのこの山を買う",20,"2 : 女性","3 : 関東地方",1,1
2729551,"2024/04/19 14:50:23",産業組織論　０１,,,匿名91,,"2 : 過去半年から１年以内","3 : どちらも買わない","3 : どちらも買わない","2 : たけのこの里を買う","3 : どちらも買わない","3 : どちらも買わない",20,"2 : 女性","3 : 関東地方",1,1
2753753,"2024/04/25 18:22:36",産業組織論　０１,,,匿名92,,"3 : １年以上前","1 : きのこの山を買う","1 : きのこの山を買う","2 : たけのこの里を買う","2 : たけのこの里を買う","2 : たけのこの里を買う",20,"1 : 男性","3 : 関東地方",1,1
2729586,"2024/04/19 14:52:53",産業組織論　０１,,,匿名93,,"1 : 過去半年以内","2 : たけのこの里を買う","1 : きのこの山を買う","2 : たけのこの里を買う","2 : たけのこの里を買う","1 : きのこの山を買う",21,"1 : 男性","3 : 関東地方",1,1
2749498,"2024/04/24 19:29:31",産業組織論　０１,,,匿名94,,"3 : １年以上前","1 : きのこの山を買う","1 : きのこの山を買う","2 : たけのこの里を買う","1 : きのこの山を買う","1 : きのこの山を買う",21,"2 : 女性","9 : 海外",0,1
2728725,"2024/04/19 13:25:58",産業組織論　０１,,,匿名95,,"3 : １年以上前","3 : どちらも買わない","3 : どちらも買わない","3 : どちらも買わない","3 : どちらも買わない","3 : どちらも買わない",20,"1 : 男性","3 : 関東地方",1,1
2741173,"2024/04/23 01:19:38",産業組織論　０１,,,匿名96,,"1 : 過去半年以内","3 : どちらも買わない","3 : どちらも買わない","2 : たけのこの里を買う","3 : どちらも買わない","3 : どちらも買わない",20,"1 : 男性","3 : 関東地方",1,1
2731797,"2024/04/20 01:40:36",産業組織論　０１,,,匿名97,,"1 : 過去半年以内","1 : きのこの山を買う","1 : きのこの山を買う","1 : きのこの山を買う","1 : きのこの山を買う","1 : きのこの山を買う",20,"2 : 女性","3 : 関東地方",1,1
2734436,"2024/04/21 14:09:24",産業組織論　０１,,,匿名98,,"1 : 過去半年以内","2 : たけのこの里を買う","2 : たけのこの里を買う","2 : たけのこの里を買う","2 : たけのこの里を買う","2 : たけのこの里を買う",20,"1 : 男性","3 : 関東地方",1,1
2728514,"2024/04/19 12:45:03",産業組織論　０１,,,匿名99,,"3 : １年以上前","2 : たけのこの里を買う","2 : たけのこの里を買う","2 : たけのこの里を買う","2 : たけのこの里を買う","2 : たけのこの里を買う",20,"1 : 男性","3 : 関東地方",1,1
2730856,"2024/04/19 18:33:01",産業組織論　０１,,,匿名100,,"3 : １年以上前","2 : たけのこの里を買う","1 : きのこの山を買う","2 : たけのこの里を買う","2 : たけのこの里を買う","1 : きのこの山を買う",21,"2 : 女性","9 : 海外",0,1
2739794,"2024/04/22 18:02:10",産業組織論　０１,,,匿名101,,"1 : 過去半年以内","2 : たけのこの里を買う","2 : たけのこの里を買う","2 : たけのこの里を買う","2 : たけのこの里を買う","2 : たけのこの里を買う",20,"1 : 男性","3 : 関東地方",0,1
2738092,"2024/04/22 14:32:39",産業組織論　０１,,,匿名102,,"1 : 過去半年以内","1 : きのこの山を買う","1 : きのこの山を買う","1 : きのこの山を買う","3 : どちらも買わない","1 : きのこの山を買う",19,"1 : 男性","3 : 関東地方",1,1
2730154,"2024/04/19 16:41:12",産業組織論　０１,,,匿名103,,"1 : 過去半年以内","1 : きのこの山を買う","1 : きのこの山を買う","1 : きのこの山を買う","1 : きのこの山を買う","1 : きのこの山を買う",19,"1 : 男性","4 : 中部地方",0,1
2731723,"2024/04/20 00:23:35",産業組織論　０１,,,匿名104,,"2 : 過去半年から１年以内","2 : たけのこの里を買う","1 : きのこの山を買う","2 : たけのこの里を買う","2 : たけのこの里を買う","3 : どちらも買わない",19,"1 : 男性","4 : 中部地方",0,1
2731510,"2024/04/19 23:08:03",産業組織論　０１,,,匿名105,,"1 : 過去半年以内","2 : たけのこの里を買う","1 : きのこの山を買う","2 : たけのこの里を買う","3 : どちらも買わない","1 : きのこの山を買う",19,"2 : 女性","9 : 海外",1,1
2729773,"2024/04/19 15:23:46",産業組織論　０１,,,匿名106,,"1 : 過去半年以内","2 : たけのこの里を買う","2 : たけのこの里を買う","2 : たけのこの里を買う","2 : たけのこの里を買う","2 : たけのこの里を買う",20,"1 : 男性","3 : 関東地方",1,1
2729633,"2024/04/19 15:03:06",産業組織論　０１,,,匿名107,,"1 : 過去半年以内","2 : たけのこの里を買う","1 : きのこの山を買う","2 : たけのこの里を買う","2 : たけのこの里を買う","1 : きのこの山を買う",19,"1 : 男性","4 : 中部地方",0,1
2729858,"2024/04/19 15:36:24",産業組織論　０１,,,匿名108,,"1 : 過去半年以内","1 : きのこの山を買う","1 : きのこの山を買う","2 : たけのこの里を買う","2 : たけのこの里を買う","1 : きのこの山を買う",19,"2 : 女性","4 : 中部地方",1,1
2730009,"2024/04/19 16:08:39",産業組織論　０１,,,匿名109,,"1 : 過去半年以内","2 : たけのこの里を買う","1 : きのこの山を買う","2 : たけのこの里を買う","2 : たけのこの里を買う","1 : きのこの山を買う",19,"2 : 女性","3 : 関東地方",1,1
2728698,"2024/04/19 13:20:15",産業組織論　０１,,,匿名110,,"3 : １年以上前","3 : どちらも買わない","1 : きのこの山を買う","2 : たけのこの里を買う","3 : どちらも買わない","3 : どちらも買わない",20,"2 : 女性","3 : 関東地方",1,1
2729022,"2024/04/19 14:12:54",産業組織論　０１,,,匿名111,,"3 : １年以上前","2 : たけのこの里を買う","2 : たけのこの里を買う","2 : たけのこの里を買う","2 : たけのこの里を買う","2 : たけのこの里を買う",20,"1 : 男性","3 : 関東地方",1,1
2728692,"2024/04/19 13:19:06",産業組織論　０１,,,匿名112,,"1 : 過去半年以内","1 : きのこの山を買う","1 : きのこの山を買う","1 : きのこの山を買う","1 : きのこの山を買う","1 : きのこの山を買う",19,"1 : 男性","3 : 関東地方",1,1
2748950,"2024/04/24 16:48:55",産業組織論　０１,,,匿名113,,"1 : 過去半年以内","2 : たけのこの里を買う","2 : たけのこの里を買う","2 : たけのこの里を買う","2 : たけのこの里を買う","2 : たけのこの里を買う",20,"2 : 女性","3 : 関東地方",1,1
2741129,"2024/04/23 00:57:59",産業組織論　０１,,,匿名114,,"1 : 過去半年以内","2 : たけのこの里を買う","2 : たけのこの里を買う","2 : たけのこの里を買う","2 : たけのこの里を買う","2 : たけのこの里を買う",20,"1 : 男性","8 : 九州地方(沖縄含む)",0,1
2737788,"2024/04/22 14:09:12",産業組織論　０１,,,匿名115,,"2 : 過去半年から１年以内","2 : たけのこの里を買う","3 : どちらも買わない","2 : たけのこの里を買う","2 : たけのこの里を買う","3 : どちらも買わない",19,"1 : 男性","4 : 中部地方",0,1
2731450,"2024/04/19 22:45:08",産業組織論　０１,,,匿名116,,"1 : 過去半年以内","1 : きのこの山を買う","1 : きのこの山を買う","2 : たけのこの里を買う","2 : たけのこの里を買う","1 : きのこの山を買う",19,"1 : 男性","6 : 中国地方",0,1
2734360,"2024/04/21 13:32:30",産業組織論　０１,,,匿名117,,"1 : 過去半年以内","2 : たけのこの里を買う","2 : たけのこの里を買う","2 : たけのこの里を買う","2 : たけのこの里を買う","2 : たけのこの里を買う",20,"2 : 女性","3 : 関東地方",1,1
2733060,"2024/04/20 18:00:12",産業組織論　０１,,,匿名118,,"3 : １年以上前","3 : どちらも買わない","1 : きのこの山を買う","3 : どちらも買わない","3 : どちらも買わない","3 : どちらも買わない",20,"2 : 女性","3 : 関東地方",1,1
2749575,"2024/04/24 19:57:42",産業組織論　０１,,,匿名119,,"1 : 過去半年以内","1 : きのこの山を買う","1 : きのこの山を買う","2 : たけのこの里を買う","2 : たけのこの里を買う","1 : きのこの山を買う",19,"2 : 女性","7 : 四国地方",0,1
2729618,"2024/04/19 15:00:49",産業組織論　０１,,,匿名120,,"1 : 過去半年以内","1 : きのこの山を買う","1 : きのこの山を買う","2 : たけのこの里を買う","2 : たけのこの里を買う","1 : きのこの山を買う",19,"2 : 女性","3 : 関東地方",1,1
2730568,"2024/04/19 17:21:47",産業組織論　０１,,,匿名121,,"1 : 過去半年以内","1 : きのこの山を買う","1 : きのこの山を買う","1 : きのこの山を買う","1 : きのこの山を買う","1 : きのこの山を買う",19,"2 : 女性","3 : 関東地方",1,1
2729698,"2024/04/19 15:13:37",産業組織論　０１,,,匿名122,,"1 : 過去半年以内","3 : どちらも買わない","1 : きのこの山を買う","2 : たけのこの里を買う","3 : どちらも買わない","3 : どちらも買わない",19,"1 : 男性","3 : 関東地方",1,1
2729354,"2024/04/19 14:41:58",産業組織論　０１,,,匿名123,,"1 : 過去半年以内","3 : どちらも買わない","3 : どちらも買わない","2 : たけのこの里を買う","3 : どちらも買わない","3 : どちらも買わない",19,"1 : 男性","3 : 関東地方",1,1
2735624,"2024/04/21 21:59:17",産業組織論　０１,,,匿名124,,"1 : 過去半年以内","2 : たけのこの里を買う","2 : たけのこの里を買う","2 : たけのこの里を買う","3 : どちらも買わない","1 : きのこの山を買う",19,"2 : 女性","2 : 東北地方",0,1
2735190,"2024/04/21 19:27:43",産業組織論　０１,,,匿名125,,"1 : 過去半年以内","2 : たけのこの里を買う","1 : きのこの山を買う","2 : たけのこの里を買う","2 : たけのこの里を買う","1 : きのこの山を買う",19,"2 : 女性","3 : 関東地方",1,1
2728526,"2024/04/19 12:47:04",産業組織論　０１,,,匿名126,,"1 : 過去半年以内","2 : たけのこの里を買う","2 : たけのこの里を買う","2 : たけのこの里を買う","1 : きのこの山を買う","2 : たけのこの里を買う",19,"1 : 男性","3 : 関東地方",1,1
2734371,"2024/04/21 13:40:41",産業組織論　０１,,,匿名127,,"2 : 過去半年から１年以内","3 : どちらも買わない","3 : どちらも買わない","3 : どちらも買わない","3 : どちらも買わない","3 : どちらも買わない",19,"1 : 男性","3 : 関東地方",1,1
2728816,"2024/04/19 13:37:16",産業組織論　０１,,,匿名128,,"2 : 過去半年から１年以内","3 : どちらも買わない","1 : きのこの山を買う","3 : どちらも買わない","3 : どちらも買わない","1 : きのこの山を買う",19,"1 : 男性","3 : 関東地方",1,1
2733724,"2024/04/21 00:16:34",産業組織論　０１,,,匿名129,,"1 : 過去半年以内","1 : きのこの山を買う","1 : きのこの山を買う","2 : たけのこの里を買う","1 : きのこの山を買う","1 : きのこの山を買う",19,"1 : 男性","3 : 関東地方",1,1
2751152,"2024/04/25 11:08:26",産業組織論　０１,,,匿名130,,"1 : 過去半年以内","2 : たけのこの里を買う","1 : きのこの山を買う","1 : きのこの山を買う","2 : たけのこの里を買う","2 : たけのこの里を買う",20,"2 : 女性","9 : 海外",0,1
2729644,"2024/04/19 15:05:29",産業組織論　０１,,,匿名131,,"3 : １年以上前","3 : どちらも買わない","3 : どちらも買わない","2 : たけのこの里を買う","3 : どちらも買わない","3 : どちらも買わない",19,"1 : 男性","3 : 関東地方",1,1
2728991,"2024/04/19 14:07:45",産業組織論　０１,,,匿名132,,"3 : １年以上前","3 : どちらも買わない","3 : どちらも買わない","3 : どちらも買わない","3 : どちらも買わない","3 : どちらも買わない",19,"1 : 男性","3 : 関東地方",1,1
2731451,"2024/04/19 22:46:29",産業組織論　０１,,,匿名133,,"1 : 過去半年以内","1 : きのこの山を買う","3 : どちらも買わない","1 : きのこの山を買う","3 : どちらも買わない","1 : きのこの山を買う",19,"1 : 男性","3 : 関東地方",1,1
2738088,"2024/04/22 14:31:48",産業組織論　０１,,,匿名134,,"2 : 過去半年から１年以内","1 : きのこの山を買う","1 : きのこの山を買う","1 : きのこの山を買う","3 : どちらも買わない","1 : きのこの山を買う",20,"2 : 女性","4 : 中部地方",0,1
2733718,"2024/04/21 00:13:37",産業組織論　０１,,,匿名135,,"2 : 過去半年から１年以内","3 : どちらも買わない","3 : どちらも買わない","2 : たけのこの里を買う","3 : どちらも買わない","3 : どちらも買わない",19,"1 : 男性","3 : 関東地方",1,1
2736678,"2024/04/22 09:54:27",産業組織論　０１,,,匿名136,,"1 : 過去半年以内","1 : きのこの山を買う","1 : きのこの山を買う","1 : きのこの山を買う","2 : たけのこの里を買う","1 : きのこの山を買う",19,"1 : 男性","3 : 関東地方",1,1
2742655,"2024/04/23 13:08:15",産業組織論　０１,,,匿名137,,"1 : 過去半年以内","3 : どちらも買わない","1 : きのこの山を買う","2 : たけのこの里を買う","3 : どちらも買わない","1 : きのこの山を買う",19,"1 : 男性","3 : 関東地方",0,1
2743501,"2024/04/23 15:09:49",産業組織論　０１,,,匿名138,,"3 : １年以上前","3 : どちらも買わない","1 : きのこの山を買う","2 : たけのこの里を買う","2 : たけのこの里を買う","1 : きのこの山を買う",19,"3 : 回答したくない","3 : 関東地方",1,1
2729825,"2024/04/19 15:31:20",産業組織論　０１,,,匿名139,,"1 : 過去半年以内","2 : たけのこの里を買う","1 : きのこの山を買う","2 : たけのこの里を買う","2 : たけのこの里を買う","1 : きのこの山を買う",19,"2 : 女性","3 : 関東地方",1,1
2728935,"2024/04/19 13:59:39",産業組織論　０１,,,匿名140,,"1 : 過去半年以内","1 : きのこの山を買う","1 : きのこの山を買う","2 : たけのこの里を買う","2 : たけのこの里を買う","1 : きのこの山を買う",19,"1 : 男性","3 : 関東地方",1,1
2734512,"2024/04/21 14:48:51",産業組織論　０１,,,匿名141,,"2 : 過去半年から１年以内","1 : きのこの山を買う","1 : きのこの山を買う","2 : たけのこの里を買う","2 : たけのこの里を買う","1 : きのこの山を買う",19,"1 : 男性","4 : 中部地方",0,1
2739688,"2024/04/22 17:37:04",産業組織論　０１,,,匿名142,,"3 : １年以上前","3 : どちらも買わない","1 : きのこの山を買う","2 : たけのこの里を買う","3 : どちらも買わない","1 : きのこの山を買う",19,"1 : 男性","3 : 関東地方",1,1
2732435,"2024/04/20 12:19:08",産業組織論　０１,,,匿名143,,"1 : 過去半年以内","1 : きのこの山を買う","1 : きのこの山を買う","2 : たけのこの里を買う","2 : たけのこの里を買う","1 : きのこの山を買う",20,"2 : 女性","1 : 北海道地方",0,1
2729702,"2024/04/19 15:14:42",産業組織論　０１,,,匿名144,,"1 : 過去半年以内","2 : たけのこの里を買う","1 : きのこの山を買う","2 : たけのこの里を買う","2 : たけのこの里を買う","2 : たけのこの里を買う",19,"1 : 男性","3 : 関東地方",1,1
2747062,"2024/04/24 11:57:08",産業組織論　０１,,,匿名145,,"1 : 過去半年以内","1 : きのこの山を買う","1 : きのこの山を買う","1 : きのこの山を買う","3 : どちらも買わない","1 : きのこの山を買う",19,"1 : 男性","3 : 関東地方",1,1
2742671,"2024/04/23 13:12:18",産業組織論　０１,,,匿名146,,"3 : １年以上前","3 : どちらも買わない","3 : どちらも買わない","3 : どちらも買わない","3 : どちらも買わない","3 : どちらも買わない",19,"1 : 男性","3 : 関東地方",1,1
2728701,"2024/04/19 13:21:08",産業組織論　０１,,,匿名147,,"2 : 過去半年から１年以内","2 : たけのこの里を買う","1 : きのこの山を買う","2 : たけのこの里を買う","2 : たけのこの里を買う","1 : きのこの山を買う",19,"2 : 女性","2 : 東北地方",1,1
2728610,"2024/04/19 13:03:49",産業組織論　０１,,,匿名148,,"1 : 過去半年以内","2 : たけのこの里を買う","2 : たけのこの里を買う","2 : たけのこの里を買う","2 : たけのこの里を買う","2 : たけのこの里を買う",20,"2 : 女性","3 : 関東地方",1,1
2730979,"2024/04/19 18:55:04",産業組織論　０１,,,匿名149,,"3 : １年以上前","1 : きのこの山を買う","1 : きのこの山を買う","2 : たけのこの里を買う","3 : どちらも買わない","1 : きのこの山を買う",19,"1 : 男性","3 : 関東地方",1,1
2732702,"2024/04/20 14:56:43",産業組織論　０１,,,匿名150,,"1 : 過去半年以内","2 : たけのこの里を買う","2 : たけのこの里を買う","2 : たけのこの里を買う","2 : たけのこの里を買う","2 : たけのこの里を買う",19,"1 : 男性","3 : 関東地方",1,1
2733063,"2024/04/20 18:03:21",産業組織論　０１,,,匿名151,,"1 : 過去半年以内","2 : たけのこの里を買う","2 : たけのこの里を買う","2 : たけのこの里を買う","2 : たけのこの里を買う","2 : たけのこの里を買う",19,"1 : 男性","3 : 関東地方",1,1
2734951,"2024/04/21 17:49:28",産業組織論　０１,,,匿名152,,"1 : 過去半年以内","1 : きのこの山を買う","1 : きのこの山を買う","1 : きのこの山を買う","2 : たけのこの里を買う","1 : きのこの山を買う",19,"2 : 女性","3 : 関東地方",1,1
2734463,"2024/04/21 14:20:13",産業組織論　０１,,,匿名153,,"2 : 過去半年から１年以内","3 : どちらも買わない","1 : きのこの山を買う","2 : たけのこの里を買う","3 : どちらも買わない","1 : きのこの山を買う",20,"1 : 男性","3 : 関東地方",1,1
2740460,"2024/04/22 21:47:44",産業組織論　０１,,,匿名154,,"2 : 過去半年から１年以内","1 : きのこの山を買う","1 : きのこの山を買う","2 : たけのこの里を買う","2 : たけのこの里を買う","1 : きのこの山を買う",19,"1 : 男性","9 : 海外",1,1
2749501,"2024/04/24 19:31:32",産業組織論　０１,,,匿名155,,"1 : 過去半年以内","2 : たけのこの里を買う","2 : たけのこの里を買う","2 : たけのこの里を買う","2 : たけのこの里を買う","3 : どちらも買わない",19,"2 : 女性","6 : 中国地方",0,1
2729778,"2024/04/19 15:23:55",産業組織論　０１,,,匿名156,,"2 : 過去半年から１年以内","2 : たけのこの里を買う","2 : たけのこの里を買う","2 : たけのこの里を買う","2 : たけのこの里を買う","2 : たけのこの里を買う",21,"1 : 男性","3 : 関東地方",0,1
2732581,"2024/04/20 13:59:04",産業組織論　０１,,,匿名157,,"1 : 過去半年以内","1 : きのこの山を買う","1 : きのこの山を買う","2 : たけのこの里を買う","2 : たけのこの里を買う","1 : きのこの山を買う",19,"1 : 男性","3 : 関東地方",1,1
2730572,"2024/04/19 17:22:03",産業組織論　０１,,,匿名158,,"1 : 過去半年以内","2 : たけのこの里を買う","1 : きのこの山を買う","2 : たけのこの里を買う","2 : たけのこの里を買う","2 : たけのこの里を買う",19,"2 : 女性","3 : 関東地方",1,1
2740578,"2024/04/22 22:22:57",産業組織論　０１,,,匿名159,,"1 : 過去半年以内","1 : きのこの山を買う","1 : きのこの山を買う","1 : きのこの山を買う","3 : どちらも買わない","1 : きのこの山を買う",19,"1 : 男性","9 : 海外",1,1
2738226,"2024/04/22 14:42:50",産業組織論　０１,,,匿名160,,"1 : 過去半年以内","2 : たけのこの里を買う","2 : たけのこの里を買う","2 : たけのこの里を買う","2 : たけのこの里を買う","2 : たけのこの里を買う",19,"2 : 女性","3 : 関東地方",1,1
2735426,"2024/04/21 20:57:31",産業組織論　０１,,,匿名161,,"1 : 過去半年以内","1 : きのこの山を買う","1 : きのこの山を買う","2 : たけのこの里を買う","2 : たけのこの里を買う","1 : きのこの山を買う",19,"2 : 女性","3 : 関東地方",1,1
2734620,"2024/04/21 15:37:48",産業組織論　０１,,,匿名162,,"1 : 過去半年以内","2 : たけのこの里を買う","2 : たけのこの里を買う","2 : たけのこの里を買う","2 : たけのこの里を買う","1 : きのこの山を買う",20,"2 : 女性","3 : 関東地方",1,1
2731191,"2024/04/19 20:22:00",産業組織論　０１,,,匿名163,,"1 : 過去半年以内","1 : きのこの山を買う","1 : きのこの山を買う","2 : たけのこの里を買う","3 : どちらも買わない","1 : きのこの山を買う",19,"1 : 男性","3 : 関東地方",1,1
2735501,"2024/04/21 21:26:22",産業組織論　０１,,,匿名164,,"1 : 過去半年以内","2 : たけのこの里を買う","2 : たけのこの里を買う","2 : たけのこの里を買う","2 : たけのこの里を買う","2 : たけのこの里を買う",19,"2 : 女性","3 : 関東地方",1,1
2736730,"2024/04/22 10:10:38",産業組織論　０１,,,匿名165,,"3 : １年以上前","2 : たけのこの里を買う","2 : たけのこの里を買う","2 : たけのこの里を買う","2 : たけのこの里を買う","3 : どちらも買わない",19,"1 : 男性","3 : 関東地方",1,1
2731399,"2024/04/19 22:20:07",産業組織論　０１,,,匿名166,,"1 : 過去半年以内","2 : たけのこの里を買う","2 : たけのこの里を買う","2 : たけのこの里を買う","2 : たけのこの里を買う","2 : たけのこの里を買う",19,"1 : 男性","3 : 関東地方",1,1
2749112,"2024/04/24 17:20:37",産業組織論　０１,,,匿名167,,"1 : 過去半年以内","2 : たけのこの里を買う","2 : たけのこの里を買う","2 : たけのこの里を買う","2 : たけのこの里を買う","2 : たけのこの里を買う",19,"1 : 男性","3 : 関東地方",1,1
2741025,"2024/04/23 00:06:48",産業組織論　０１,,,匿名168,,"2 : 過去半年から１年以内","2 : たけのこの里を買う","1 : きのこの山を買う","2 : たけのこの里を買う","2 : たけのこの里を買う","1 : きのこの山を買う",19,"1 : 男性","3 : 関東地方",1,1
2728551,"2024/04/19 12:50:41",産業組織論　０１,,,匿名169,,"3 : １年以上前","2 : たけのこの里を買う","2 : たけのこの里を買う","2 : たけのこの里を買う","2 : たけのこの里を買う","2 : たけのこの里を買う",19,"1 : 男性","3 : 関東地方",0,1
2731982,"2024/04/20 09:47:59",産業組織論　０１,,,匿名170,,"3 : １年以上前","2 : たけのこの里を買う","1 : きのこの山を買う","2 : たけのこの里を買う","2 : たけのこの里を買う","1 : きのこの山を買う",20,"1 : 男性","3 : 関東地方",1,1
2731050,"2024/04/19 19:18:45",産業組織論　０１,,,匿名171,,"3 : １年以上前","3 : どちらも買わない","3 : どちらも買わない","3 : どちらも買わない","3 : どちらも買わない","3 : どちらも買わない",20,"1 : 男性","3 : 関東地方",1,1
2728821,"2024/04/19 13:37:37",産業組織論　０１,,,匿名172,,"1 : 過去半年以内","2 : たけのこの里を買う","1 : きのこの山を買う","2 : たけのこの里を買う","1 : きのこの山を買う","1 : きのこの山を買う",19,"1 : 男性","3 : 関東地方",1,1
2739630,"2024/04/22 17:24:40",産業組織論　０１,,,匿名173,,"1 : 過去半年以内","2 : たけのこの里を買う","1 : きのこの山を買う","2 : たけのこの里を買う","2 : たけのこの里を買う","1 : きのこの山を買う",19,"1 : 男性","3 : 関東地方",1,1
2728694,"2024/04/19 13:20:03",産業組織論　０１,,,匿名174,,"1 : 過去半年以内","3 : どちらも買わない","1 : きのこの山を買う","2 : たけのこの里を買う","3 : どちらも買わない","1 : きのこの山を買う",20,"2 : 女性","2 : 東北地方",0,1
2729700,"2024/04/19 15:14:10",産業組織論　０１,,,匿名175,,"2 : 過去半年から１年以内","2 : たけのこの里を買う","1 : きのこの山を買う","2 : たけのこの里を買う","2 : たけのこの里を買う","1 : きのこの山を買う",20,"1 : 男性","3 : 関東地方",1,1
2728560,"2024/04/19 12:53:31",産業組織論　０１,,,匿名176,,"1 : 過去半年以内","1 : きのこの山を買う","1 : きのこの山を買う","2 : たけのこの里を買う","2 : たけのこの里を買う","1 : きのこの山を買う",19,"1 : 男性","3 : 関東地方",1,1
2728468,"2024/04/19 12:31:03",産業組織論　０１,,,匿名177,,"3 : １年以上前","2 : たけのこの里を買う","3 : どちらも買わない","2 : たけのこの里を買う","2 : たけのこの里を買う","3 : どちらも買わない",20,"1 : 男性","3 : 関東地方",1,1
2747444,"2024/04/24 12:53:14",産業組織論　０１,,,匿名178,,"1 : 過去半年以内","2 : たけのこの里を買う","3 : どちらも買わない","2 : たけのこの里を買う","2 : たけのこの里を買う","3 : どちらも買わない",19,"1 : 男性","7 : 四国地方",0,1
2728578,"2024/04/19 12:57:08",産業組織論　０１,,,匿名179,,"3 : １年以上前","2 : たけのこの里を買う","2 : たけのこの里を買う","2 : たけのこの里を買う","2 : たけのこの里を買う","2 : たけのこの里を買う",19,"1 : 男性","3 : 関東地方",1,1
2735615,"2024/04/21 21:56:41",産業組織論　０１,,,匿名180,,"3 : １年以上前","3 : どちらも買わない","3 : どちらも買わない","2 : たけのこの里を買う","3 : どちらも買わない","3 : どちらも買わない",20,"1 : 男性","1 : 北海道地方",0,1
2750726,"2024/04/25 02:38:52",産業組織論　０１,,,匿名181,,"1 : 過去半年以内","2 : たけのこの里を買う","2 : たけのこの里を買う","2 : たけのこの里を買う","2 : たけのこの里を買う","2 : たけのこの里を買う",19,"1 : 男性","3 : 関東地方",1,1
2731415,"2024/04/19 22:30:20",産業組織論　０１,,,匿名182,,"1 : 過去半年以内","3 : どちらも買わない","1 : きのこの山を買う","3 : どちらも買わない","3 : どちらも買わない","1 : きのこの山を買う",19,"1 : 男性","8 : 九州地方(沖縄含む)",0,1
2743012,"2024/04/23 14:10:30",産業組織論　０１,,,匿名183,,"1 : 過去半年以内","2 : たけのこの里を買う","2 : たけのこの里を買う","2 : たけのこの里を買う","2 : たけのこの里を買う","1 : きのこの山を買う",19,"2 : 女性","3 : 関東地方",1,1
2747980,"2024/04/24 14:44:49",産業組織論　０１,,,匿名184,,"1 : 過去半年以内","2 : たけのこの里を買う","1 : きのこの山を買う","2 : たけのこの里を買う","3 : どちらも買わない","3 : どちらも買わない",19,"1 : 男性","3 : 関東地方",1,1
2728796,"2024/04/19 13:33:51",産業組織論　０１,,,匿名185,,"1 : 過去半年以内","2 : たけのこの里を買う","1 : きのこの山を買う","2 : たけのこの里を買う","2 : たけのこの里を買う","2 : たけのこの里を買う",19,"1 : 男性","3 : 関東地方",1,1
2729725,"2024/04/19 15:17:49",産業組織論　０１,,,匿名186,,"1 : 過去半年以内","2 : たけのこの里を買う","1 : きのこの山を買う","2 : たけのこの里を買う","2 : たけのこの里を買う","1 : きのこの山を買う",19,"2 : 女性","3 : 関東地方",1,1
2750505,"2024/04/25 00:09:51",産業組織論　０１,,,匿名187,,"1 : 過去半年以内","2 : たけのこの里を買う","2 : たけのこの里を買う","2 : たけのこの里を買う","2 : たけのこの里を買う","2 : たけのこの里を買う",19,"1 : 男性","3 : 関東地方",1,1
2732850,"2024/04/20 16:01:58",産業組織論　０１,,,匿名188,,"1 : 過去半年以内","2 : たけのこの里を買う","2 : たけのこの里を買う","2 : たけのこの里を買う","2 : たけのこの里を買う","2 : たけのこの里を買う",19,"1 : 男性","3 : 関東地方",1,1
2729919,"2024/04/19 15:50:47",産業組織論　０１,,,匿名189,,"1 : 過去半年以内","2 : たけのこの里を買う","1 : きのこの山を買う","2 : たけのこの里を買う","3 : どちらも買わない","1 : きのこの山を買う",19,"1 : 男性","3 : 関東地方",1,1
2729767,"2024/04/19 15:22:14",産業組織論　０１,,,匿名190,,"1 : 過去半年以内","2 : たけのこの里を買う","2 : たけのこの里を買う","2 : たけのこの里を買う","2 : たけのこの里を買う","3 : どちらも買わない",19,"1 : 男性","3 : 関東地方",1,1
2728493,"2024/04/19 12:39:06",産業組織論　０１,,,匿名191,,"1 : 過去半年以内","1 : きのこの山を買う","1 : きのこの山を買う","2 : たけのこの里を買う","3 : どちらも買わない","1 : きのこの山を買う",19,"2 : 女性","3 : 関東地方",1,1
2729123,"2024/04/19 14:26:15",産業組織論　０１,,,匿名192,,"2 : 過去半年から１年以内","3 : どちらも買わない","3 : どちらも買わない","2 : たけのこの里を買う","3 : どちらも買わない","3 : どちらも買わない",19,"1 : 男性","3 : 関東地方",1,1
2732454,"2024/04/20 12:33:56",産業組織論　０１,,,匿名193,,"1 : 過去半年以内","1 : きのこの山を買う","1 : きのこの山を買う","1 : きのこの山を買う","1 : きのこの山を買う","1 : きのこの山を買う",19,"1 : 男性","4 : 中部地方",0,1
2728638,"2024/04/19 13:10:02",産業組織論　０１,,,匿名194,,"1 : 過去半年以内","2 : たけのこの里を買う","3 : どちらも買わない","2 : たけのこの里を買う","2 : たけのこの里を買う","3 : どちらも買わない",19,"2 : 女性","3 : 関東地方",1,1
2731207,"2024/04/19 20:36:27",産業組織論　０１,,,匿名195,,"3 : １年以上前","1 : きのこの山を買う","1 : きのこの山を買う","3 : どちらも買わない","3 : どちらも買わない","1 : きのこの山を買う",21,"3 : 回答したくない","3 : 関東地方",1,0
2735862,"2024/04/21 22:58:13",産業組織論　０１,,,匿名196,,"1 : 過去半年以内","2 : たけのこの里を買う","1 : きのこの山を買う","2 : たけのこの里を買う","2 : たけのこの里を買う","1 : きのこの山を買う",19,"2 : 女性","4 : 中部地方",0,1
2729990,"2024/04/19 16:03:31",産業組織論　０１,,,匿名197,,"3 : １年以上前","3 : どちらも買わない","3 : どちらも買わない","3 : どちらも買わない","3 : どちらも買わない","3 : どちらも買わない",19,"1 : 男性","3 : 関東地方",1,1
2733797,"2024/04/21 01:22:09",産業組織論　０１,,,匿名198,,"1 : 過去半年以内","3 : どちらも買わない","1 : きのこの山を買う","2 : たけのこの里を買う","2 : たけのこの里を買う","1 : きのこの山を買う",20,"2 : 女性","7 : 四国地方",0,1
2729202,"2024/04/19 14:35:22",産業組織論　０１,,,匿名199,,"1 : 過去半年以内","2 : たけのこの里を買う","1 : きのこの山を買う","2 : たけのこの里を買う","2 : たけのこの里を買う","1 : きのこの山を買う",19,"2 : 女性","3 : 関東地方",1,1
2745539,"2024/04/23 22:55:49",産業組織論　０１,,,匿名200,,"1 : 過去半年以内","3 : どちらも買わない","3 : どちらも買わない","2 : たけのこの里を買う","2 : たけのこの里を買う","3 : どちらも買わない",19,"1 : 男性","3 : 関東地方",1,1
2731154,"2024/04/19 20:03:38",産業組織論　０１,,,匿名201,,"3 : １年以上前","2 : たけのこの里を買う","2 : たけのこの里を買う","2 : たけのこの里を買う","2 : たけのこの里を買う","3 : どちらも買わない",19,"1 : 男性","3 : 関東地方",1,1
2732726,"2024/04/20 15:08:52",産業組織論　０１,,,匿名202,,"2 : 過去半年から１年以内","2 : たけのこの里を買う","1 : きのこの山を買う","2 : たけのこの里を買う","2 : たけのこの里を買う","1 : きのこの山を買う",19,"1 : 男性","3 : 関東地方",1,1
2728763,"2024/04/19 13:29:47",産業組織論　０１,,,匿名203,,"1 : 過去半年以内","2 : たけのこの里を買う","1 : きのこの山を買う","2 : たけのこの里を買う","2 : たけのこの里を買う","1 : きのこの山を買う",19,"1 : 男性","3 : 関東地方",1,1
2735499,"2024/04/21 21:26:04",産業組織論　０１,,,匿名204,,"1 : 過去半年以内","1 : きのこの山を買う","1 : きのこの山を買う","1 : きのこの山を買う","1 : きのこの山を買う","1 : きのこの山を買う",19,"2 : 女性","3 : 関東地方",1,1
2728474,"2024/04/19 12:32:24",産業組織論　０１,,,匿名205,,"1 : 過去半年以内","2 : たけのこの里を買う","2 : たけのこの里を買う","2 : たけのこの里を買う","2 : たけのこの里を買う","2 : たけのこの里を買う",20,"1 : 男性","3 : 関東地方",1,1
2744664,"2024/04/23 18:41:38",産業組織論　０１,,,匿名206,,"1 : 過去半年以内","3 : どちらも買わない","3 : どちらも買わない","2 : たけのこの里を買う","3 : どちらも買わない","3 : どちらも買わない",19,"1 : 男性","3 : 関東地方",1,1
2744744,"2024/04/23 19:03:24",産業組織論　０１,,,匿名207,,"1 : 過去半年以内","2 : たけのこの里を買う","1 : きのこの山を買う","2 : たけのこの里を買う","3 : どちらも買わない","1 : きのこの山を買う",19,"2 : 女性","4 : 中部地方",0,1
2736709,"2024/04/22 10:02:51",産業組織論　０１,,,匿名208,,"2 : 過去半年から１年以内","1 : きのこの山を買う","2 : たけのこの里を買う","2 : たけのこの里を買う","2 : たけのこの里を買う","2 : たけのこの里を買う",19,"1 : 男性","3 : 関東地方",1,1
2728609,"2024/04/19 13:03:42",産業組織論　０１,,,匿名209,,"2 : 過去半年から１年以内","1 : きのこの山を買う","1 : きのこの山を買う","2 : たけのこの里を買う","2 : たけのこの里を買う","1 : きのこの山を買う",19,"2 : 女性","3 : 関東地方",1,1
2728849,"2024/04/19 13:43:27",産業組織論　０１,,,匿名210,,"2 : 過去半年から１年以内","2 : たけのこの里を買う","1 : きのこの山を買う","2 : たけのこの里を買う","2 : たけのこの里を買う","2 : たけのこの里を買う",19,"1 : 男性","3 : 関東地方",1,1
2743174,"2024/04/23 14:43:56",産業組織論　０１,,,匿名211,,"1 : 過去半年以内","2 : たけのこの里を買う","1 : きのこの山を買う","2 : たけのこの里を買う","2 : たけのこの里を買う","1 : きのこの山を買う",19,"2 : 女性","5 : 近畿地方",0,1
2730061,"2024/04/19 16:20:09",産業組織論　０１,,,匿名212,,"4 : 食べたことがない","3 : どちらも買わない","1 : きのこの山を買う","2 : たけのこの里を買う","3 : どちらも買わない","1 : きのこの山を買う",19,"1 : 男性","5 : 近畿地方",1,1
2731769,"2024/04/20 01:06:09",産業組織論　０１,,,匿名213,,"1 : 過去半年以内","2 : たけのこの里を買う","1 : きのこの山を買う","2 : たけのこの里を買う","2 : たけのこの里を買う","1 : きのこの山を買う",19,"1 : 男性","3 : 関東地方",1,1
2742040,"2024/04/23 10:53:41",産業組織論　０１,,,匿名214,,"1 : 過去半年以内","2 : たけのこの里を買う","1 : きのこの山を買う","2 : たけのこの里を買う","2 : たけのこの里を買う","1 : きのこの山を買う",19,"2 : 女性","3 : 関東地方",0,1
2728817,"2024/04/19 13:37:35",産業組織論　０１,,,匿名215,,"1 : 過去半年以内","2 : たけのこの里を買う","1 : きのこの山を買う","2 : たけのこの里を買う","2 : たけのこの里を買う","2 : たけのこの里を買う",19,"1 : 男性","5 : 近畿地方",0,1
2742708,"2024/04/23 13:19:53",産業組織論　０１,,,匿名216,,"1 : 過去半年以内","2 : たけのこの里を買う","1 : きのこの山を買う","2 : たけのこの里を買う","2 : たけのこの里を買う","2 : たけのこの里を買う",19,"1 : 男性","3 : 関東地方",1,1
2731623,"2024/04/19 23:48:25",産業組織論　０１,,,匿名217,,"1 : 過去半年以内","2 : たけのこの里を買う","2 : たけのこの里を買う","2 : たけのこの里を買う","2 : たけのこの里を買う","2 : たけのこの里を買う",20,"2 : 女性","3 : 関東地方",1,1
2738533,"2024/04/22 15:11:07",産業組織論　０１,,,匿名218,,"1 : 過去半年以内","3 : どちらも買わない","3 : どちらも買わない","2 : たけのこの里を買う","3 : どちらも買わない","3 : どちらも買わない",19,"1 : 男性","3 : 関東地方",1,1
2729765,"2024/04/19 15:22:28",産業組織論　０１,,,匿名219,,"3 : １年以上前","3 : どちらも買わない","3 : どちらも買わない","3 : どちらも買わない","3 : どちらも買わない","3 : どちらも買わない",19,"1 : 男性","3 : 関東地方",1,1
2736275,"2024/04/22 00:04:54",産業組織論　０１,,,匿名220,,"3 : １年以上前","3 : どちらも買わない","1 : きのこの山を買う","2 : たけのこの里を買う","2 : たけのこの里を買う","1 : きのこの山を買う",19,"1 : 男性","3 : 関東地方",1,1
2736594,"2024/04/22 09:06:48",産業組織論　０１,,,匿名221,,"1 : 過去半年以内","1 : きのこの山を買う","1 : きのこの山を買う","2 : たけのこの里を買う","2 : たけのこの里を買う","1 : きのこの山を買う",19,"1 : 男性","3 : 関東地方",1,1
2736979,"2024/04/22 11:16:36",産業組織論　０１,,,匿名222,,"4 : 食べたことがない","3 : どちらも買わない","3 : どちらも買わない","3 : どちらも買わない","3 : どちらも買わない","3 : どちらも買わない",19,"1 : 男性","1 : 北海道地方",0,1
2738762,"2024/04/22 15:49:36",産業組織論　０１,,,匿名223,,"1 : 過去半年以内","1 : きのこの山を買う","1 : きのこの山を買う","2 : たけのこの里を買う","2 : たけのこの里を買う","1 : きのこの山を買う",19,"1 : 男性","3 : 関東地方",1,1
2728645,"2024/04/19 13:11:08",産業組織論　０１,,,匿名224,,"1 : 過去半年以内","1 : きのこの山を買う","1 : きのこの山を買う","1 : きのこの山を買う","3 : どちらも買わない","1 : きのこの山を買う",20,"2 : 女性","3 : 関東地方",1,1
2730616,"2024/04/19 17:34:43",産業組織論　０１,,,匿名225,,"2 : 過去半年から１年以内","2 : たけのこの里を買う","1 : きのこの山を買う","2 : たけのこの里を買う","2 : たけのこの里を買う","1 : きのこの山を買う",19,"2 : 女性","3 : 関東地方",1,1
2728617,"2024/04/19 13:07:54",産業組織論　０１,,,匿名226,,"2 : 過去半年から１年以内","2 : たけのこの里を買う","2 : たけのこの里を買う","2 : たけのこの里を買う","2 : たけのこの里を買う","2 : たけのこの里を買う",19,"1 : 男性","3 : 関東地方",1,1
2728713,"2024/04/19 13:23:53",産業組織論　０１,,,匿名227,,"1 : 過去半年以内","3 : どちらも買わない","1 : きのこの山を買う","2 : たけのこの里を買う","3 : どちらも買わない","3 : どちらも買わない",19,"1 : 男性","3 : 関東地方",1,1
2749920,"2024/04/24 21:56:27",産業組織論　０１,,,匿名228,,"1 : 過去半年以内","3 : どちらも買わない","1 : きのこの山を買う","2 : たけのこの里を買う","3 : どちらも買わない","1 : きのこの山を買う",19,"2 : 女性","3 : 関東地方",1,1
2728653,"2024/04/19 13:12:23",産業組織論　０１,,,匿名229,,"1 : 過去半年以内","3 : どちらも買わない","3 : どちらも買わない","3 : どちらも買わない","3 : どちらも買わない","3 : どちらも買わない",19,"1 : 男性","3 : 関東地方",1,1
2742567,"2024/04/23 12:43:16",産業組織論　０１,,,匿名230,,"1 : 過去半年以内","2 : たけのこの里を買う","2 : たけのこの里を買う","2 : たけのこの里を買う","2 : たけのこの里を買う","2 : たけのこの里を買う",19,"1 : 男性","3 : 関東地方",1,1
2728941,"2024/04/19 14:00:50",産業組織論　０１,,,匿名231,,"1 : 過去半年以内","2 : たけのこの里を買う","1 : きのこの山を買う","2 : たけのこの里を買う","2 : たけのこの里を買う","1 : きのこの山を買う",19,"1 : 男性","3 : 関東地方",1,1
2731134,"2024/04/19 19:48:31",産業組織論　０１,,,匿名232,,"1 : 過去半年以内","2 : たけのこの里を買う","1 : きのこの山を買う","2 : たけのこの里を買う","2 : たけのこの里を買う","2 : たけのこの里を買う",24,"2 : 女性","9 : 海外",0,1
2731204,"2024/04/19 20:33:00",産業組織論　０１,,,匿名233,,"1 : 過去半年以内","1 : きのこの山を買う","1 : きのこの山を買う","1 : きのこの山を買う","1 : きのこの山を買う","1 : きのこの山を買う",19,"2 : 女性","3 : 関東地方",1,1
2749240,"2024/04/24 17:58:49",産業組織論　０１,,,匿名234,,"2 : 過去半年から１年以内","2 : たけのこの里を買う","3 : どちらも買わない","2 : たけのこの里を買う","2 : たけのこの里を買う","3 : どちらも買わない",19,"1 : 男性","3 : 関東地方",1,1
2733866,"2024/04/21 03:00:14",産業組織論　０１,,,匿名235,,"1 : 過去半年以内","2 : たけのこの里を買う","1 : きのこの山を買う","2 : たけのこの里を買う","2 : たけのこの里を買う","1 : きのこの山を買う",19,"2 : 女性","9 : 海外",1,1
2736652,"2024/04/22 09:44:32",産業組織論　０１,,,匿名236,,"1 : 過去半年以内","3 : どちらも買わない","1 : きのこの山を買う","2 : たけのこの里を買う","3 : どちらも買わない","3 : どちらも買わない",19,"1 : 男性","3 : 関東地方",1,1
2729782,"2024/04/19 15:24:32",産業組織論　０１,,,匿名237,,"1 : 過去半年以内","2 : たけのこの里を買う","2 : たけのこの里を買う","2 : たけのこの里を買う","2 : たけのこの里を買う","2 : たけのこの里を買う",19,"2 : 女性","3 : 関東地方",0,1
2730530,"2024/04/19 17:13:30",産業組織論　０１,,,匿名238,,"1 : 過去半年以内","3 : どちらも買わない","3 : どちらも買わない","2 : たけのこの里を買う","2 : たけのこの里を買う","3 : どちらも買わない",19,"2 : 女性","3 : 関東地方",1,1
2749831,"2024/04/24 21:28:07",産業組織論　０１,,,匿名239,,"1 : 過去半年以内","2 : たけのこの里を買う","1 : きのこの山を買う","2 : たけのこの里を買う","2 : たけのこの里を買う","1 : きのこの山を買う",19,"1 : 男性","3 : 関東地方",1,1
2737566,"2024/04/22 13:25:39",産業組織論　０１,,,匿名240,,"3 : １年以上前","2 : たけのこの里を買う","1 : きのこの山を買う","2 : たけのこの里を買う","2 : たけのこの里を買う","1 : きのこの山を買う",19,"2 : 女性","3 : 関東地方",0,1
2749859,"2024/04/24 21:37:43",産業組織論　０１,,,匿名241,,"1 : 過去半年以内","1 : きのこの山を買う","1 : きのこの山を買う","3 : どちらも買わない","3 : どちらも買わない","1 : きのこの山を買う",20,"1 : 男性","9 : 海外",1,1
2730179,"2024/04/19 16:43:35",産業組織論　０１,,,匿名242,,"2 : 過去半年から１年以内","1 : きのこの山を買う","1 : きのこの山を買う","3 : どちらも買わない","3 : どちらも買わない","1 : きのこの山を買う",20,"1 : 男性","4 : 中部地方",0,1
2728724,"2024/04/19 13:26:31",産業組織論　０１,,,匿名243,,"2 : 過去半年から１年以内","3 : どちらも買わない","1 : きのこの山を買う","2 : たけのこの里を買う","3 : どちらも買わない","1 : きのこの山を買う",19,"1 : 男性","3 : 関東地方",1,1
